1,100,105,95,101,1000
1,100,105,95,101,1000
1,100,105,95,101,1000
1,100,105,95,101,1000
1,100,105,95,101,1000
1,100,105,95,101,1000
1,100,105,95,101,1000
1,100,105,95,101,1000
1,100,105,95,101,1000
1,100,105,95,101,1000
1,100,105,95,101,1000
1,100,105,95,101,1000
1,100,105,95,101,1000
1,100,105,95,101,1000
1,100,105,95,101,1000
1,100,105,95,101,1000
1,100,105,95,101,1000
1,100,105,95,101,1000
1,100,105,95,101,1000
1,100,105,95,101,1000
1,100,105,95,101,1000
1,100,105,95,101,1000
1,100,105,95,101,1000
1,100,105,95,101,1000
1,100,105,95,101,1000
